{
  "-1": {
    "precision": 0.8057482656095144,
    "recall": 0.7806048967834853,
    "f1-score": 0.7929773226042429,
    "support": 2083.0
  },
  "0": {
    "precision": 0.8489286682940059,
    "recall": 0.9636699507389163,
    "f1-score": 0.9026676279740447,
    "support": 3248.0
  },
  "1": {
    "precision": 0.9181453921007441,
    "recall": 0.8293691830403309,
    "f1-score": 0.8715023091551208,
    "support": 3868.0
  },
  "accuracy": 0.865746276769214,
  "macro avg": {
    "precision": 0.8576074420014215,
    "recall": 0.8578813435209108,
    "f1-score": 0.8557157532444695,
    "support": 9199.0
  },
  "weighted avg": {
    "precision": 0.8682552808489213,
    "recall": 0.865746276769214,
    "f1-score": 0.8647252038761107,
    "support": 9199.0
  }
}